case_id,tx_id,user_id,final_risk,fraud_proba
CASE-7,7,C1334405552,0.8049999999999999,0.74
CASE-30,30,C2047521920,0.8125,0.75
CASE-70,70,C666654362,0.8125,0.75
CASE-96,96,C394488466,0.8125,0.75
CASE-100,100,C670587931,0.8500000000000001,0.8
CASE-116,116,C1182702586,0.8125,0.75
CASE-129,129,C576568419,0.8125,0.75
CASE-131,131,C345293642,0.8049999999999999,0.74
CASE-133,133,C1223631235,0.8575,0.81
CASE-145,145,C735463888,0.8125,0.75
CASE-148,148,C1864459372,0.8049999999999999,0.74
CASE-150,150,C364029634,0.8125,0.75
CASE-152,152,C135832352,0.8125,0.75
CASE-155,155,C1374377088,0.8125,0.75
CASE-159,159,C2081788795,0.8125,0.75
CASE-161,161,C439830884,0.8049999999999999,0.74
CASE-163,163,C736093511,0.8049999999999999,0.74
CASE-187,187,C752563135,0.8125,0.75
CASE-191,191,C494334546,0.8125,0.75
CASE-197,197,C15998296,0.8049999999999999,0.74
CASE-213,213,C745648946,0.8125,0.75
CASE-222,222,C767243506,0.8125,0.75
CASE-229,229,C1990303942,0.8049999999999999,0.74
CASE-248,248,C1472367087,0.8125,0.75
CASE-257,257,C1209224134,0.8049999999999999,0.74
CASE-267,267,C1702714599,0.8049999999999999,0.74
CASE-285,285,C1865185181,0.8049999999999999,0.74
CASE-295,295,C700083141,0.8049999999999999,0.74
CASE-299,299,C414159853,0.8049999999999999,0.74
CASE-307,307,C361429301,0.8049999999999999,0.74
CASE-309,309,C1279307827,0.8125,0.75
CASE-333,333,C1848562108,0.8125,0.75
CASE-339,339,C306405849,0.8125,0.75
CASE-343,343,C107615831,0.8049999999999999,0.74
CASE-349,349,C1152596026,0.8125,0.75
CASE-355,355,C1548903046,0.8125,0.75
CASE-357,357,C101899927,0.8049999999999999,0.74
CASE-359,359,C67311634,0.8125,0.75
CASE-367,367,C2112073607,0.8049999999999999,0.74
CASE-371,371,C2035691205,0.8049999999999999,0.74
CASE-379,379,C638438531,0.8049999999999999,0.74
CASE-387,387,C1054903406,0.8125,0.75
CASE-392,392,C851016578,0.8125,0.75
CASE-400,400,C1498028072,0.8125,0.75
CASE-415,415,C397247453,0.8049999999999999,0.74
CASE-423,423,C899260948,0.8125,0.75
CASE-439,439,C1215509660,0.8125,0.75
CASE-446,446,C511306069,0.8125,0.75
CASE-452,452,C2057200986,0.8125,0.75
CASE-462,462,C979937832,0.8125,0.75
CASE-464,464,C1340596396,0.8125,0.75
CASE-474,474,C1067826676,0.8049999999999999,0.74
CASE-480,480,C1268743025,0.8049999999999999,0.74
CASE-482,482,C739578791,0.8125,0.75
CASE-486,486,C1985844506,0.8125,0.75
CASE-488,488,C646867271,0.8049999999999999,0.74
CASE-490,490,C1883768704,0.8125,0.75
CASE-496,496,C373557981,0.8049999999999999,0.74
CASE-511,511,C369936121,0.8049999999999999,0.74
CASE-523,523,C1582972194,0.8049999999999999,0.74
CASE-525,525,C1556710652,0.8125,0.75
CASE-527,527,C1457431353,0.8125,0.75
CASE-533,533,C1102672587,0.8125,0.75
CASE-535,535,C154757729,0.8125,0.75
CASE-553,553,C853837808,0.8125,0.75
CASE-568,568,C1186930189,0.8049999999999999,0.74
CASE-570,570,C22070941,0.8049999999999999,0.74
CASE-578,578,C806769154,0.8125,0.75
CASE-580,580,C1545338291,0.8049999999999999,0.74
CASE-596,596,C1560394123,0.8049999999999999,0.74
CASE-598,598,C1948396559,0.8049999999999999,0.74
CASE-604,604,C1486116303,0.8125,0.75
CASE-606,606,C84753955,0.8049999999999999,0.74
CASE-612,612,C443233087,0.8049999999999999,0.74
CASE-618,618,C1285761418,0.8125,0.75
CASE-622,622,C919766733,0.8049999999999999,0.74
CASE-638,638,C1448304922,0.8049999999999999,0.74
CASE-648,648,C432219684,0.8125,0.75
CASE-650,650,C244956323,0.8125,0.75
CASE-660,660,C550185181,0.8049999999999999,0.74
CASE-668,668,C2083819202,0.8125,0.75
CASE-670,670,C1609180237,0.8125,0.75
CASE-672,672,C1979185568,0.8049999999999999,0.74
CASE-676,676,C1494760088,0.8125,0.75
CASE-684,684,C1648039979,0.8125,0.75
CASE-686,686,C1675721447,0.8125,0.75
CASE-692,692,C813936493,0.8049999999999999,0.74
CASE-694,694,C721700955,0.8125,0.75
CASE-700,700,C453950944,0.8049999999999999,0.74
CASE-702,702,C1813387968,0.8049999999999999,0.74
CASE-716,716,C182416415,0.8049999999999999,0.74
CASE-720,720,C1544506396,0.8049999999999999,0.74
CASE-726,726,C74298259,0.8049999999999999,0.74
CASE-738,738,C279016627,0.8049999999999999,0.74
CASE-752,752,C941791959,0.8125,0.75
CASE-760,760,C1198248537,0.8049999999999999,0.74
CASE-768,768,C661110749,0.8125,0.75
CASE-770,770,C1175896731,0.8049999999999999,0.74
CASE-788,788,C1735799250,0.8125,0.75
CASE-792,792,C1016521533,0.8125,0.75
CASE-796,796,C1900819473,0.8125,0.75
CASE-800,800,C658423698,0.8049999999999999,0.74
CASE-802,802,C1795295,0.8125,0.75
CASE-806,806,C582388359,0.8049999999999999,0.74
CASE-814,814,C1770441952,0.8125,0.75
CASE-816,816,C1530003925,0.8049999999999999,0.74
CASE-818,818,C1585059557,0.8125,0.75
CASE-822,822,C607970446,0.8125,0.75
CASE-834,834,C139632487,0.8125,0.75
CASE-842,842,C833989982,0.8125,0.75
CASE-844,844,C505397169,0.8125,0.75
CASE-846,846,C1991870331,0.8125,0.75
CASE-852,852,C282915164,0.8049999999999999,0.74
CASE-860,860,C677678546,0.8049999999999999,0.74
CASE-862,862,C866984681,0.8125,0.75
CASE-876,876,C1641673590,0.8125,0.75
CASE-880,880,C1659791860,0.8125,0.75
CASE-884,884,C891068137,0.8125,0.75
CASE-888,888,C1801750044,0.8125,0.75
CASE-898,898,C775816840,0.8125,0.75
CASE-904,904,C554032564,0.8125,0.75
CASE-912,912,C1492220840,0.8049999999999999,0.74
CASE-914,914,C1151172465,0.8125,0.75
CASE-918,918,C103236252,0.8125,0.75
CASE-930,930,C1668561632,0.8125,0.75
CASE-934,934,C1074348771,0.8125,0.75
CASE-938,938,C958168241,0.8125,0.75
CASE-940,940,C1907685273,0.8125,0.75
CASE-942,942,C3630973,0.8049999999999999,0.74
CASE-948,948,C32677445,0.8049999999999999,0.74
CASE-950,950,C65227807,0.8125,0.75
CASE-954,954,C144675030,0.8049999999999999,0.74
CASE-976,976,C1263150351,0.8125,0.75
CASE-978,978,C1249942022,0.8125,0.75
CASE-982,982,C194251863,0.8125,0.75
CASE-984,984,C1000937208,0.8049999999999999,0.74
CASE-990,990,C134383279,0.8049999999999999,0.74
CASE-992,992,C358852719,0.8049999999999999,0.74
CASE-1002,1002,C1058391661,0.8125,0.75
CASE-1006,1006,C98299573,0.8125,0.75
CASE-1016,1016,C58626602,0.8125,0.75
CASE-1028,1028,C1096275107,0.8049999999999999,0.74
CASE-1030,1030,C1202805418,0.8049999999999999,0.74
CASE-1032,1032,C406938681,0.8125,0.75
CASE-1038,1038,C1230337572,0.8125,0.75
CASE-1042,1042,C384245570,0.8125,0.75
CASE-1054,1054,C1872678613,0.8049999999999999,0.74
CASE-1058,1058,C1453976647,0.8125,0.75
CASE-1062,1062,C743505070,0.8125,0.75
CASE-1064,1064,C2016707009,0.8125,0.75
CASE-1072,1072,C787624212,0.8049999999999999,0.74
CASE-1082,1082,C1641731466,0.8125,0.75
CASE-1096,1096,C593029629,0.8049999999999999,0.74
CASE-1112,1112,C1022498421,0.8125,0.75
CASE-1118,1118,C1553979696,0.8125,0.75
CASE-1122,1122,C358188091,0.8125,0.75
CASE-1124,1124,C708686257,0.8049999999999999,0.74
CASE-1128,1128,C211205523,0.8125,0.75
CASE-1144,1144,C1917836086,0.8125,0.75
CASE-1146,1146,C1323299934,0.8125,0.75
CASE-1150,1150,C997276166,0.8125,0.75
CASE-1160,1160,C310812803,0.8125,0.75
CASE-1166,1166,C1274651891,0.8049999999999999,0.74
CASE-1170,1170,C1201856349,0.8125,0.75
CASE-1172,1172,C2014013314,0.8049999999999999,0.74
CASE-1174,1174,C1836246597,0.8049999999999999,0.74
CASE-1176,1176,C1514427330,0.8125,0.75
CASE-1180,1180,C1575226124,0.8049999999999999,0.74
CASE-1188,1188,C626697086,0.8049999999999999,0.74
CASE-1190,1190,C808767907,0.8125,0.75
CASE-1192,1192,C1529282032,0.8125,0.75
CASE-1204,1204,C936539159,0.8049999999999999,0.74
CASE-1220,1220,C159727303,0.8049999999999999,0.74
CASE-1222,1222,C1779028734,0.8049999999999999,0.74
CASE-1236,1236,C1648040674,0.8049999999999999,0.74
CASE-1240,1240,C682978594,0.8049999999999999,0.74
CASE-1244,1244,C257797783,0.8125,0.75
CASE-1254,1254,C1892918810,0.8049999999999999,0.74
CASE-1256,1256,C1349419422,0.8049999999999999,0.74
CASE-1270,1270,C1047102725,0.8125,0.75
CASE-1272,1272,C1480088933,0.8049999999999999,0.74
CASE-1288,1288,C1821246962,0.8125,0.75
CASE-1294,1294,C1036579486,0.8125,0.75
CASE-1310,1310,C918480550,0.8125,0.75
CASE-1312,1312,C2078704475,0.8125,0.75
CASE-1316,1316,C211453570,0.8049999999999999,0.74
CASE-1328,1328,C14417080,0.8049999999999999,0.74
CASE-1330,1330,C233651792,0.8125,0.75
CASE-1336,1336,C1543576546,0.8049999999999999,0.74
CASE-1338,1338,C1705399009,0.8049999999999999,0.74
CASE-1344,1344,C1157016440,0.8125,0.75
CASE-1346,1346,C2100014537,0.8125,0.75
CASE-1348,1348,C344826592,0.8049999999999999,0.74
CASE-1350,1350,C338600181,0.8049999999999999,0.74
CASE-1364,1364,C1956060083,0.8049999999999999,0.74
CASE-1368,1368,C802639228,0.8125,0.75
CASE-1374,1374,C1720181306,0.8049999999999999,0.74
CASE-1380,1380,C1987271305,0.8125,0.75
CASE-1382,1382,C309726678,0.8125,0.75
CASE-1384,1384,C645925104,0.8049999999999999,0.74
CASE-1392,1392,C1263028472,0.8049999999999999,0.74
CASE-1408,1408,C181177203,0.8125,0.75
CASE-1412,1412,C1539299608,0.8049999999999999,0.74
CASE-1418,1418,C1039891737,0.8049999999999999,0.74
CASE-1422,1422,C185905309,0.8125,0.75
CASE-1424,1424,C150631994,0.8125,0.75
CASE-1430,1430,C145252938,0.8049999999999999,0.74
CASE-1432,1432,C270791126,0.8125,0.75
CASE-1438,1438,C2129900930,0.8049999999999999,0.74
CASE-1440,1440,C167488694,0.8125,0.75
CASE-1450,1450,C2047670192,0.8125,0.75
CASE-1452,1452,C823324093,0.8125,0.75
CASE-1454,1454,C2133606495,0.8049999999999999,0.74
CASE-1462,1462,C37315617,0.8049999999999999,0.74
CASE-1464,1464,C119613068,0.8125,0.75
CASE-1474,1474,C1664723459,0.8125,0.75
CASE-1478,1478,C1883146038,0.8125,0.75
CASE-1484,1484,C1076727002,0.8500000000000001,0.8
CASE-1486,1486,C2072241236,0.8049999999999999,0.74
CASE-1498,1498,C452889653,0.8125,0.75
CASE-1500,1500,C479192985,0.8125,0.75
CASE-1502,1502,C1557244190,0.8125,0.75
CASE-1504,1504,C245964929,0.8125,0.75
CASE-1510,1510,C1242611758,0.8125,0.75
CASE-1512,1512,C808515301,0.8125,0.75
CASE-1516,1516,C926121167,0.8049999999999999,0.74
CASE-1522,1522,C695823841,0.8049999999999999,0.74
CASE-1530,1530,C17491956,0.8125,0.75
CASE-1534,1534,C1631482807,0.8125,0.75
CASE-1536,1536,C311903293,0.8049999999999999,0.74
CASE-1546,1546,C1406501579,0.8125,0.75
CASE-1550,1550,C1105946611,0.8049999999999999,0.74
CASE-1554,1554,C584194979,0.8125,0.75
CASE-1556,1556,C272782184,0.8049999999999999,0.74
CASE-1560,1560,C965340171,0.8125,0.75
CASE-1564,1564,C1430436436,0.8049999999999999,0.74
CASE-1566,1566,C984621443,0.8049999999999999,0.74
CASE-1578,1578,C1584907362,0.8125,0.75
CASE-1580,1580,C617343530,0.8125,0.75
CASE-1594,1594,C227497385,0.8049999999999999,0.74
CASE-1602,1602,C1521066827,0.8125,0.75
CASE-1606,1606,C809314999,0.8049999999999999,0.74
CASE-1608,1608,C740325067,0.8125,0.75
CASE-1610,1610,C6950250,0.8125,0.75
CASE-1618,1618,C659082738,0.8049999999999999,0.74
CASE-1630,1630,C1236932461,0.8125,0.75
CASE-1632,1632,C1544286887,0.8049999999999999,0.74
CASE-1638,1638,C1207025716,0.8049999999999999,0.74
CASE-1640,1640,C699121827,0.8125,0.75
CASE-1646,1646,C2111007650,0.8125,0.75
CASE-1656,1656,C318449492,0.8049999999999999,0.74
CASE-1662,1662,C492529807,0.8125,0.75
CASE-1674,1674,C961585962,0.8125,0.75
CASE-1682,1682,C1962597060,0.8125,0.75
CASE-1686,1686,C149923854,0.8125,0.75
CASE-1692,1692,C1058610480,0.8125,0.75
CASE-1696,1696,C1644591810,0.8049999999999999,0.74
CASE-1706,1706,C919002200,0.8125,0.75
CASE-1708,1708,C2123396844,0.8125,0.75
CASE-1722,1722,C1707046857,0.8049999999999999,0.74
CASE-1724,1724,C2053411637,0.8049999999999999,0.74
CASE-1728,1728,C2058960648,0.8125,0.75
CASE-1736,1736,C95607946,0.8049999999999999,0.74
CASE-1748,1748,C1665891733,0.8049999999999999,0.74
CASE-1750,1750,C1468687617,0.8125,0.75
CASE-1758,1758,C1732090063,0.8125,0.75
CASE-1784,1784,C1533698204,0.8125,0.75
CASE-1786,1786,C1522688362,0.8049999999999999,0.74
CASE-1788,1788,C1635910106,0.8125,0.75
CASE-1790,1790,C717731676,0.8049999999999999,0.74
CASE-1794,1794,C798159363,0.8049999999999999,0.74
CASE-1800,1800,C1868574170,0.8125,0.75
CASE-1802,1802,C944291289,0.8125,0.75
CASE-1820,1820,C1744142327,0.8125,0.75
CASE-1832,1832,C1764461949,0.8049999999999999,0.74
CASE-1834,1834,C590755759,0.8049999999999999,0.74
CASE-1836,1836,C1616917685,0.8125,0.75
CASE-1844,1844,C1167018610,0.8049999999999999,0.74
CASE-1848,1848,C582011779,0.8125,0.75
CASE-1852,1852,C1039450195,0.8049999999999999,0.74
CASE-1854,1854,C2121092345,0.8125,0.75
CASE-1856,1856,C1906595632,0.8125,0.75
CASE-1862,1862,C1699496065,0.8125,0.75
CASE-1864,1864,C239172527,0.8049999999999999,0.74
CASE-1876,1876,C743239060,0.8049999999999999,0.74
CASE-1878,1878,C138035077,0.8049999999999999,0.74
CASE-1884,1884,C1371017446,0.8049999999999999,0.74
CASE-1888,1888,C975058065,0.8049999999999999,0.74
CASE-1894,1894,C660401037,0.8049999999999999,0.74
CASE-1898,1898,C742560107,0.8125,0.75
CASE-1902,1902,C1185526711,0.8125,0.75
CASE-1908,1908,C607841205,0.8049999999999999,0.74
CASE-1914,1914,C622490191,0.8125,0.75
CASE-1920,1920,C1224347529,0.8125,0.75
CASE-1922,1922,C1173597457,0.8125,0.75
CASE-1930,1930,C612440112,0.8125,0.75
CASE-1932,1932,C499413300,0.8049999999999999,0.74
CASE-1934,1934,C847645948,0.8049999999999999,0.74
CASE-1940,1940,C99753762,0.8125,0.75
CASE-1942,1942,C533125295,0.8049999999999999,0.74
CASE-1944,1944,C662766800,0.8049999999999999,0.74
CASE-1956,1956,C1786873519,0.8125,0.75
CASE-1958,1958,C1302526975,0.8125,0.75
CASE-1962,1962,C377226285,0.8125,0.75
CASE-1972,1972,C381361852,0.8049999999999999,0.74
CASE-1976,1976,C1831248257,0.8049999999999999,0.74
CASE-1998,1998,C1900756070,0.8049999999999999,0.74
CASE-2014,2014,C95297644,0.8125,0.75
CASE-2024,2024,C913178524,0.8049999999999999,0.74
CASE-2026,2026,C286391269,0.8125,0.75
CASE-2034,2034,C1705883896,0.8049999999999999,0.74
CASE-2040,2040,C771163854,0.8125,0.75
CASE-2042,2042,C1807376004,0.8125,0.75
CASE-2044,2044,C2003297208,0.8125,0.75
CASE-2046,2046,C744563060,0.8049999999999999,0.74
CASE-2057,2057,C204628834,0.8049999999999999,0.74
CASE-2065,2065,C1611595121,0.8049999999999999,0.74
CASE-2071,2071,C1296748795,0.8125,0.75
CASE-2073,2073,C1015989725,0.8125,0.75
CASE-2107,2107,C546277701,0.8125,0.75
CASE-2113,2113,C1210414819,0.8125,0.75
CASE-2122,2122,C1216424178,0.8125,0.75
CASE-2128,2128,C1692442952,0.8049999999999999,0.74
CASE-2130,2130,C2146618198,0.8125,0.75
CASE-2136,2136,C1476946789,0.8125,0.75
CASE-2140,2140,C2089796608,0.8125,0.75
CASE-2146,2146,C450854769,0.8125,0.75
CASE-2150,2150,C1080269027,0.8125,0.75
CASE-2168,2168,C187003586,0.8049999999999999,0.74
CASE-2174,2174,C1959772119,0.8049999999999999,0.74
CASE-2180,2180,C850343949,0.8049999999999999,0.74
CASE-2192,2192,C1043170433,0.8049999999999999,0.74
CASE-2196,2196,C1416798021,0.8125,0.75
CASE-2206,2206,C2095225701,0.8125,0.75
CASE-2214,2214,C983611149,0.8049999999999999,0.74
CASE-2220,2220,C311903861,0.8125,0.75
CASE-2224,2224,C156186481,0.8125,0.75
CASE-2226,2226,C742596177,0.8125,0.75
CASE-2230,2230,C470813600,0.8125,0.75
CASE-2234,2234,C1407135183,0.8125,0.75
CASE-2238,2238,C1362743884,0.8125,0.75
CASE-2250,2250,C679238677,0.8125,0.75
CASE-2252,2252,C1392488521,0.8125,0.75
CASE-2258,2258,C336094122,0.8125,0.75
CASE-2262,2262,C243052380,0.8125,0.75
CASE-2266,2266,C774814056,0.8049999999999999,0.74
CASE-2270,2270,C1263647967,0.8125,0.75
CASE-2276,2276,C1923199503,0.8125,0.75
CASE-2294,2294,C338408648,0.8125,0.75
CASE-2298,2298,C433588108,0.8125,0.75
CASE-2302,2302,C185633643,0.8049999999999999,0.74
CASE-2314,2314,C1962368245,0.8049999999999999,0.74
CASE-2320,2320,C1437293424,0.8125,0.75
CASE-2328,2328,C2041567241,0.8125,0.75
CASE-2335,2335,C16402858,0.8125,0.75
CASE-2337,2337,C117228585,0.8049999999999999,0.74
CASE-2339,2339,C438581,0.8049999999999999,0.74
CASE-2345,2345,C762854717,0.8049999999999999,0.74
CASE-2347,2347,C532793923,0.8125,0.75
CASE-2353,2353,C171693930,0.8049999999999999,0.74
CASE-2357,2357,C248568064,0.8049999999999999,0.74
CASE-2367,2367,C2080183074,0.8125,0.75
CASE-2387,2387,C1722259172,0.8049999999999999,0.74
CASE-2389,2389,C1501311535,0.8125,0.75
CASE-2391,2391,C226207762,0.8125,0.75
CASE-2399,2399,C1093407378,0.8125,0.75
CASE-2403,2403,C507437434,0.8049999999999999,0.74
CASE-2405,2405,C1909573304,0.8049999999999999,0.74
CASE-2407,2407,C1889530016,0.8049999999999999,0.74
CASE-2415,2415,C498171092,0.8125,0.75
CASE-2417,2417,C1051284660,0.8125,0.75
CASE-2419,2419,C1099567292,0.8049999999999999,0.74
CASE-2423,2423,C1433301955,0.8125,0.75
CASE-2425,2425,C109700228,0.8049999999999999,0.74
CASE-2435,2435,C1402144865,0.8049999999999999,0.74
CASE-2445,2445,C937580010,0.8125,0.75
CASE-2451,2451,C737805330,0.8049999999999999,0.74
CASE-2453,2453,C58219748,0.8125,0.75
CASE-2459,2459,C1458982396,0.8049999999999999,0.74
CASE-2467,2467,C1091954556,0.8125,0.75
CASE-2469,2469,C446483369,0.8049999999999999,0.74
CASE-2475,2475,C347805386,0.8049999999999999,0.74
CASE-2477,2477,C33984222,0.8125,0.75
CASE-2485,2485,C1234309969,0.8049999999999999,0.74
CASE-2495,2495,C146036421,0.8049999999999999,0.74
CASE-2497,2497,C354106674,0.8049999999999999,0.74
CASE-2501,2501,C997712071,0.8125,0.75
CASE-2511,2511,C1514794775,0.8125,0.75
CASE-2515,2515,C578750781,0.8049999999999999,0.74
CASE-2523,2523,C1605260231,0.8049999999999999,0.74
CASE-2531,2531,C427148786,0.8125,0.75
CASE-2533,2533,C2120061745,0.8049999999999999,0.74
CASE-2545,2545,C799393307,0.8125,0.75
CASE-2547,2547,C1537630073,0.8049999999999999,0.74
CASE-2553,2553,C1109437404,0.8125,0.75
CASE-2565,2565,C174356762,0.8049999999999999,0.74
CASE-2567,2567,C1926697362,0.8125,0.75
CASE-2569,2569,C81587291,0.8125,0.75
CASE-2588,2588,C721399587,0.8125,0.75
CASE-2590,2590,C444571961,0.8049999999999999,0.74
CASE-2592,2592,C1788761832,0.8125,0.75
CASE-2594,2594,C428683989,0.8049999999999999,0.74
CASE-2600,2600,C1131542233,0.8049999999999999,0.74
CASE-2611,2611,C172131034,0.8125,0.75
CASE-2615,2615,C522008423,0.8049999999999999,0.74
CASE-2621,2621,C680373527,0.8125,0.75
CASE-2651,2651,C1730345649,0.8125,0.75
CASE-2657,2657,C1336273672,0.8049999999999999,0.74
CASE-2663,2663,C1215045618,0.8049999999999999,0.74
CASE-2667,2667,C155774205,0.8125,0.75
CASE-2671,2671,C1190914474,0.8049999999999999,0.74
CASE-2679,2679,C344359156,0.8125,0.75
CASE-2687,2687,C31838536,0.8125,0.75
CASE-2707,2707,C1906906636,0.8125,0.75
CASE-2709,2709,C769822179,0.8049999999999999,0.74
CASE-2719,2719,C1780378261,0.8049999999999999,0.74
CASE-2723,2723,C437560191,0.8049999999999999,0.74
CASE-2729,2729,C351713185,0.8049999999999999,0.74
CASE-2739,2739,C386673709,0.8125,0.75
CASE-2741,2741,C1851386700,0.8125,0.75
CASE-2745,2745,C2117512947,0.8049999999999999,0.74
CASE-2749,2749,C1739527181,0.8125,0.75
CASE-2751,2751,C1160684690,0.8049999999999999,0.74
CASE-2753,2753,C1243123662,0.8125,0.75
CASE-2755,2755,C530018040,0.8125,0.75
CASE-2757,2757,C775900945,0.8125,0.75
CASE-2763,2763,C1794935564,0.8125,0.75
CASE-2775,2775,C542081155,0.8125,0.75
CASE-2783,2783,C692635750,0.8125,0.75
CASE-2791,2791,C754455797,0.8125,0.75
CASE-2799,2799,C1305598780,0.8125,0.75
CASE-2809,2809,C1100390301,0.8125,0.75
CASE-2817,2817,C1078417563,0.8049999999999999,0.74
CASE-2827,2827,C895602410,0.8125,0.75
CASE-2841,2841,C1112360108,0.8125,0.75
CASE-2849,2849,C2141912199,0.8125,0.75
CASE-2861,2861,C549084804,0.8125,0.75
CASE-2881,2881,C1983750370,0.8125,0.75
CASE-2893,2893,C1632129790,0.8125,0.75
CASE-2899,2899,C1988413338,0.8125,0.75
CASE-2903,2903,C1584301839,0.8125,0.75
CASE-2911,2911,C840630111,0.8125,0.75
CASE-2923,2923,C1485613101,0.8125,0.75
CASE-2927,2927,C1607707310,0.8125,0.75
CASE-2931,2931,C972876081,0.8125,0.75
CASE-2935,2935,C998015371,0.8125,0.75
CASE-2937,2937,C60530886,0.8125,0.75
CASE-2947,2947,C2075471030,0.8049999999999999,0.74
CASE-2949,2949,C1000331499,0.8125,0.75
CASE-2951,2951,C456316207,0.8125,0.75
CASE-2965,2965,C767295910,0.8125,0.75
CASE-2979,2979,C1985672054,0.8125,0.75
CASE-2989,2989,C111386253,0.8125,0.75
CASE-2991,2991,C1616758519,0.8125,0.75
CASE-2993,2993,C543601110,0.8049999999999999,0.74
CASE-2999,2999,C988536152,0.8125,0.75
CASE-3001,3001,C1582000733,0.8125,0.75
CASE-3003,3003,C656737839,0.8049999999999999,0.74
CASE-3007,3007,C1376942715,0.8049999999999999,0.74
CASE-3009,3009,C1370085660,0.8125,0.75
CASE-3011,3011,C1998076777,0.8125,0.75
CASE-3013,3013,C526265092,0.8049999999999999,0.74
CASE-3019,3019,C1680736871,0.8125,0.75
CASE-3027,3027,C353673917,0.8049999999999999,0.74
CASE-3039,3039,C1905022556,0.8125,0.75
CASE-3047,3047,C1103494239,0.8125,0.75
CASE-3055,3055,C393546828,0.8125,0.75
CASE-3057,3057,C1492957578,0.8049999999999999,0.74
CASE-3063,3063,C41354044,0.8125,0.75
CASE-3067,3067,C1550662745,0.8049999999999999,0.74
CASE-3077,3077,C1811872528,0.8125,0.75
CASE-3083,3083,C1947336797,0.8125,0.75
CASE-3087,3087,C49877168,0.8125,0.75
CASE-3101,3101,C1462703827,0.8125,0.75
CASE-3103,3103,C39195818,0.8125,0.75
CASE-3117,3117,C1124374325,0.8125,0.75
CASE-3119,3119,C1448180572,0.8125,0.75
CASE-3123,3123,C1389870393,0.8125,0.75
CASE-3125,3125,C1323434456,0.8125,0.75
CASE-3129,3129,C1295443216,0.8049999999999999,0.74
CASE-3139,3139,C1015599837,0.8125,0.75
CASE-3181,3181,C454501295,0.8125,0.75
CASE-3183,3183,C1060613319,0.8049999999999999,0.74
CASE-3187,3187,C325102191,0.8125,0.75
CASE-3205,3205,C629586313,0.8049999999999999,0.74
CASE-3207,3207,C1652182043,0.8049999999999999,0.74
CASE-3235,3235,C1140883229,0.8125,0.75
CASE-3239,3239,C855788158,0.8125,0.75
CASE-3245,3245,C1217403648,0.8049999999999999,0.74
CASE-3253,3253,C1839586690,0.8125,0.75
CASE-3263,3263,C895738872,0.8049999999999999,0.74
CASE-3267,3267,C1425726290,0.8125,0.75
CASE-3275,3275,C693914149,0.8049999999999999,0.74
CASE-3295,3295,C588367741,0.8049999999999999,0.74
CASE-3301,3301,C262672510,0.8049999999999999,0.74
CASE-3307,3307,C1426577344,0.8125,0.75
CASE-3315,3315,C599107139,0.8125,0.75
CASE-3323,3323,C1811823904,0.8125,0.75
CASE-3325,3325,C2147008654,0.8125,0.75
CASE-3339,3339,C872116979,0.8049999999999999,0.74
CASE-3345,3345,C1067203186,0.8125,0.75
CASE-3355,3355,C68688915,0.8125,0.75
CASE-3363,3363,C1431002212,0.8125,0.75
CASE-3365,3365,C526995277,0.8125,0.75
CASE-3371,3371,C824783072,0.8125,0.75
CASE-3375,3375,C1237857283,0.8125,0.75
CASE-3377,3377,C483009518,0.8125,0.75
CASE-3383,3383,C811562034,0.8125,0.75
CASE-3389,3389,C817857207,0.8049999999999999,0.74
CASE-3391,3391,C1857854292,0.8049999999999999,0.74
CASE-3407,3407,C1477176067,0.8049999999999999,0.74
CASE-3409,3409,C1106915307,0.8049999999999999,0.74
CASE-3425,3425,C771544520,0.8125,0.75
CASE-3431,3431,C276718485,0.8049999999999999,0.74
CASE-3435,3435,C1235032852,0.8125,0.75
CASE-3437,3437,C597569560,0.8049999999999999,0.74
CASE-3445,3445,C261172273,0.8125,0.75
CASE-3453,3453,C1016160383,0.8125,0.75
CASE-3455,3455,C692748109,0.8125,0.75
CASE-3463,3463,C114044821,0.8049999999999999,0.74
CASE-3465,3465,C1343086585,0.8049999999999999,0.74
CASE-3471,3471,C146567614,0.8125,0.75
CASE-3479,3479,C891657273,0.8125,0.75
CASE-3481,3481,C864985630,0.8125,0.75
CASE-3485,3485,C1514931968,0.8125,0.75
CASE-3487,3487,C575768328,0.8049999999999999,0.74
CASE-3489,3489,C568675237,0.8125,0.75
CASE-3491,3491,C1589465909,0.8049999999999999,0.74
CASE-3493,3493,C17859234,0.8049999999999999,0.74
CASE-3497,3497,C1961162790,0.8125,0.75
CASE-3501,3501,C1608267319,0.8049999999999999,0.74
CASE-3505,3505,C1050618331,0.8125,0.75
CASE-3507,3507,C760905654,0.8125,0.75
CASE-3517,3517,C575504528,0.8125,0.75
CASE-3521,3521,C1431929580,0.8049999999999999,0.74
CASE-3523,3523,C348342265,0.8049999999999999,0.74
CASE-3527,3527,C229756338,0.8125,0.75
CASE-3529,3529,C1279803681,0.8049999999999999,0.74
CASE-3535,3535,C568807005,0.8125,0.75
CASE-3541,3541,C438643114,0.8125,0.75
CASE-3543,3543,C1800396600,0.8125,0.75
CASE-3547,3547,C149785547,0.8125,0.75
CASE-3551,3551,C1739433736,0.8049999999999999,0.74
CASE-3559,3559,C288991663,0.8049999999999999,0.74
CASE-3573,3573,C257814888,0.8049999999999999,0.74
CASE-3587,3587,C1479969874,0.8125,0.75
CASE-3591,3591,C2083698154,0.8049999999999999,0.74
CASE-3601,3601,C1495344095,0.8125,0.75
CASE-3621,3621,C89581847,0.8125,0.75
CASE-3627,3627,C750509301,0.8125,0.75
CASE-3631,3631,C1256410677,0.8125,0.75
CASE-3633,3633,C926688459,0.8125,0.75
CASE-3661,3661,C757889087,0.8049999999999999,0.74
CASE-3663,3663,C1767197728,0.8125,0.75
CASE-3681,3681,C1987328742,0.8049999999999999,0.74
CASE-3697,3697,C376938867,0.8125,0.75
CASE-3703,3703,C1999096176,0.8125,0.75
CASE-3705,3705,C156594551,0.8125,0.75
CASE-3711,3711,C1371377403,0.8049999999999999,0.74
CASE-3717,3717,C1938563375,0.8125,0.75
CASE-3733,3733,C1745983205,0.8125,0.75
CASE-3739,3739,C1160054760,0.8049999999999999,0.74
CASE-3747,3747,C1515649837,0.8049999999999999,0.74
CASE-3753,3753,C464058059,0.8125,0.75
CASE-3757,3757,C139878018,0.8125,0.75
CASE-3789,3789,C1947091405,0.8049999999999999,0.74
CASE-3795,3795,C1482401390,0.8125,0.75
CASE-3799,3799,C1888264566,0.8125,0.75
CASE-3805,3805,C1419528476,0.8125,0.75
CASE-3839,3839,C123840755,0.8125,0.75
CASE-3847,3847,C76442447,0.8125,0.75
CASE-3855,3855,C371044558,0.8049999999999999,0.74
CASE-3863,3863,C1893971699,0.8125,0.75
CASE-3869,3869,C1706454657,0.8049999999999999,0.74
CASE-3871,3871,C1395405060,0.8049999999999999,0.74
CASE-3873,3873,C1512400234,0.8125,0.75
CASE-3885,3885,C1585861369,0.8049999999999999,0.74
CASE-3891,3891,C2079148298,0.8125,0.75
CASE-3893,3893,C1131453044,0.8125,0.75
CASE-3907,3907,C355768552,0.8125,0.75
CASE-3909,3909,C1021520214,0.8125,0.75
CASE-3913,3913,C417981063,0.8125,0.75
CASE-3915,3915,C1914099833,0.8125,0.75
CASE-3917,3917,C1431338158,0.8049999999999999,0.74
CASE-3921,3921,C121062749,0.8125,0.75
CASE-3927,3927,C1023551084,0.8125,0.75
CASE-3933,3933,C139606427,0.8125,0.75
CASE-3945,3945,C350993487,0.8125,0.75
CASE-3955,3955,C622353866,0.8125,0.75
CASE-3957,3957,C15678402,0.8125,0.75
CASE-3965,3965,C1569009550,0.8125,0.75
CASE-3971,3971,C972148639,0.8125,0.75
CASE-3979,3979,C1493761372,0.8125,0.75
CASE-3989,3989,C441240054,0.8125,0.75
CASE-3995,3995,C1024427567,0.8049999999999999,0.74
CASE-4005,4005,C30165590,0.8125,0.75
CASE-4007,4007,C1805149634,0.8125,0.75
CASE-4017,4017,C39420818,0.8049999999999999,0.74
CASE-4019,4019,C398903352,0.8125,0.75
CASE-4025,4025,C1829363360,0.8049999999999999,0.74
CASE-4027,4027,C602426084,0.8049999999999999,0.74
CASE-4031,4031,C1026774960,0.8049999999999999,0.74
CASE-4033,4033,C828020985,0.8049999999999999,0.74
CASE-4039,4039,C1224276273,0.8049999999999999,0.74
CASE-4047,4047,C2068656014,0.8125,0.75
CASE-4049,4049,C893956566,0.8049999999999999,0.74
CASE-4051,4051,C875187668,0.8125,0.75
CASE-4053,4053,C34164934,0.8125,0.75
CASE-4057,4057,C219294261,0.8125,0.75
CASE-4059,4059,C2115222227,0.8049999999999999,0.74
CASE-4069,4069,C966152886,0.8125,0.75
CASE-4073,4073,C794947414,0.8125,0.75
CASE-4081,4081,C2080670113,0.8125,0.75
CASE-4085,4085,C1895315229,0.8049999999999999,0.74
CASE-4089,4089,C1273953731,0.8125,0.75
CASE-4093,4093,C957078136,0.8125,0.75
CASE-4111,4111,C2102374682,0.8049999999999999,0.74
CASE-4115,4115,C767478867,0.8049999999999999,0.74
CASE-4123,4123,C1844415147,0.8049999999999999,0.74
CASE-4131,4131,C675893330,0.8049999999999999,0.74
CASE-4135,4135,C462652864,0.8049999999999999,0.74
CASE-4147,4147,C1861461304,0.8125,0.75
CASE-4151,4151,C1312260902,0.8125,0.75
CASE-4155,4155,C975117365,0.8125,0.75
CASE-4165,4165,C1366764100,0.8125,0.75
CASE-4193,4193,C466106905,0.8125,0.75
CASE-4217,4217,C2084166173,0.8125,0.75
CASE-4219,4219,C491418989,0.8125,0.75
CASE-4221,4221,C1149729385,0.8125,0.75
CASE-4225,4225,C739766096,0.8125,0.75
CASE-4241,4241,C166433413,0.8049999999999999,0.74
CASE-4245,4245,C1069976593,0.8049999999999999,0.74
CASE-4249,4249,C827588953,0.8125,0.75
CASE-4251,4251,C170364634,0.8125,0.75
CASE-4259,4259,C1497139417,0.8125,0.75
CASE-4265,4265,C958603903,0.8125,0.75
CASE-4277,4277,C1706772520,0.8049999999999999,0.74
CASE-4281,4281,C1769504839,0.8125,0.75
CASE-4291,4291,C109944074,0.8125,0.75
CASE-4305,4305,C482076505,0.8049999999999999,0.74
CASE-4315,4315,C1402670582,0.8125,0.75
CASE-4323,4323,C7277039,0.8125,0.75
CASE-4325,4325,C1227628504,0.8125,0.75
CASE-4331,4331,C1537861219,0.8125,0.75
CASE-4339,4339,C1369232913,0.8049999999999999,0.74
CASE-4341,4341,C895840599,0.8049999999999999,0.74
CASE-4345,4345,C1360689528,0.8125,0.75
CASE-4347,4347,C1037819437,0.8049999999999999,0.74
CASE-4349,4349,C1924115884,0.8049999999999999,0.74
CASE-4351,4351,C220187177,0.8125,0.75
CASE-4353,4353,C257290900,0.8049999999999999,0.74
CASE-4365,4365,C785953522,0.8125,0.75
CASE-4369,4369,C291081099,0.8049999999999999,0.74
CASE-4373,4373,C384434585,0.8125,0.75
CASE-4389,4389,C1805392616,0.8049999999999999,0.74
CASE-4395,4395,C1128510858,0.8125,0.75
CASE-4405,4405,C211699118,0.8049999999999999,0.74
CASE-4407,4407,C90164537,0.8125,0.75
CASE-4413,4413,C957688108,0.8125,0.75
CASE-4427,4427,C2078773097,0.8125,0.75
CASE-4433,4433,C664914101,0.8049999999999999,0.74
CASE-4439,4439,C1730928931,0.8125,0.75
CASE-4445,4445,C668700925,0.8125,0.75
CASE-4447,4447,C1112407295,0.8125,0.75
CASE-4449,4449,C2041824507,0.8049999999999999,0.74
CASE-4455,4455,C1568123931,0.8049999999999999,0.74
CASE-4461,4461,C429020184,0.8125,0.75
CASE-4467,4467,C1508043591,0.8125,0.75
CASE-4475,4475,C2039894074,0.8049999999999999,0.74
CASE-4479,4479,C1882943298,0.8049999999999999,0.74
CASE-4481,4481,C2074526030,0.8125,0.75
CASE-4487,4487,C1915645992,0.8125,0.75
CASE-4489,4489,C1853440908,0.8049999999999999,0.74
CASE-4497,4497,C579893788,0.8049999999999999,0.74
CASE-4499,4499,C2086367958,0.8125,0.75
CASE-4503,4503,C939933921,0.8049999999999999,0.74
CASE-4507,4507,C1838733636,0.8125,0.75
CASE-4519,4519,C128992115,0.8125,0.75
CASE-4525,4525,C2039553933,0.8125,0.75
CASE-4543,4543,C1775580519,0.8125,0.75
CASE-4557,4557,C325611904,0.8125,0.75
CASE-4561,4561,C64180102,0.8125,0.75
CASE-4567,4567,C1353278775,0.8125,0.75
CASE-4575,4575,C1416924629,0.8125,0.75
CASE-4579,4579,C1191696703,0.8125,0.75
CASE-4589,4589,C949114642,0.8049999999999999,0.74
CASE-4593,4593,C85727598,0.8125,0.75
CASE-4597,4597,C1207144684,0.8049999999999999,0.74
CASE-4603,4603,C1523193770,0.8125,0.75
CASE-4607,4607,C798979222,0.8125,0.75
CASE-4609,4609,C22941522,0.8125,0.75
CASE-4615,4615,C688119342,0.8125,0.75
CASE-4621,4621,C599746221,0.8049999999999999,0.74
CASE-4627,4627,C676092302,0.8125,0.75
CASE-4633,4633,C1024321064,0.8125,0.75
CASE-4635,4635,C576017861,0.8049999999999999,0.74
CASE-4641,4641,C2142112051,0.8049999999999999,0.74
CASE-4643,4643,C303116308,0.8125,0.75
CASE-4647,4647,C297158532,0.8125,0.75
CASE-4655,4655,C2060464348,0.8125,0.75
CASE-4675,4675,C635388534,0.8125,0.75
CASE-4677,4677,C1469626651,0.8125,0.75
CASE-4693,4693,C503443667,0.8125,0.75
CASE-4695,4695,C871029924,0.8049999999999999,0.74
CASE-4705,4705,C271621902,0.8125,0.75
CASE-4707,4707,C894359747,0.8049999999999999,0.74
CASE-4711,4711,C836001849,0.8125,0.75
CASE-4719,4719,C393374945,0.8125,0.75
CASE-4739,4739,C1237202508,0.8049999999999999,0.74
CASE-4745,4745,C529879129,0.8125,0.75
CASE-4747,4747,C1749948822,0.8049999999999999,0.74
CASE-4759,4759,C791144032,0.8125,0.75
CASE-4761,4761,C707980152,0.8049999999999999,0.74
CASE-4765,4765,C1861323130,0.8125,0.75
CASE-4771,4771,C889342614,0.8125,0.75
CASE-4777,4777,C1816888178,0.8049999999999999,0.74
CASE-4781,4781,C366210516,0.8125,0.75
CASE-4783,4783,C1952841743,0.8049999999999999,0.74
CASE-4789,4789,C1233267015,0.8125,0.75
CASE-4815,4815,C800259537,0.8125,0.75
CASE-4823,4823,C1289286413,0.8125,0.75
CASE-4827,4827,C1499614661,0.8049999999999999,0.74
CASE-4831,4831,C2107000276,0.8125,0.75
CASE-4843,4843,C2115449921,0.8125,0.75
CASE-4845,4845,C1916200037,0.8125,0.75
CASE-4849,4849,C336342996,0.8125,0.75
CASE-4855,4855,C412631050,0.8049999999999999,0.74
CASE-4861,4861,C180129024,0.8049999999999999,0.74
CASE-4865,4865,C1208488541,0.8125,0.75
CASE-4867,4867,C1996964574,0.8049999999999999,0.74
CASE-4869,4869,C1273725199,0.8125,0.75
CASE-4875,4875,C338287923,0.8049999999999999,0.74
CASE-4885,4885,C445035011,0.8125,0.75
CASE-4889,4889,C1964768315,0.8125,0.75
CASE-4893,4893,C1764648235,0.8125,0.75
CASE-4905,4905,C42995326,0.8125,0.75
CASE-4909,4909,C1985447713,0.8049999999999999,0.74
CASE-4911,4911,C1184464536,0.8049999999999999,0.74
CASE-4927,4927,C1750635867,0.8125,0.75
CASE-4929,4929,C38256696,0.8125,0.75
CASE-4935,4935,C46140680,0.8125,0.75
CASE-4939,4939,C1870904477,0.8049999999999999,0.74
CASE-4943,4943,C2134666226,0.8125,0.75
CASE-4947,4947,C1168684643,0.8049999999999999,0.74
CASE-4949,4949,C2027207246,0.8125,0.75
CASE-4951,4951,C408079205,0.8049999999999999,0.74
CASE-4955,4955,C2086087020,0.8049999999999999,0.74
CASE-4961,4961,C277096632,0.8049999999999999,0.74
CASE-4965,4965,C1294538821,0.8125,0.75
CASE-4971,4971,C920057135,0.8049999999999999,0.74
CASE-4973,4973,C699874957,0.8049999999999999,0.74
CASE-4975,4975,C159739802,0.8049999999999999,0.74
CASE-4989,4989,C635186,0.8125,0.75
CASE-4991,4991,C1275336083,0.8049999999999999,0.74
CASE-4993,4993,C1047335023,0.8049999999999999,0.74
CASE-5003,5003,C10702255,0.8125,0.75
CASE-5007,5007,C1751529795,0.8125,0.75
CASE-5013,5013,C1998926306,0.8125,0.75
CASE-5023,5023,C1632929877,0.8125,0.75
CASE-5025,5025,C786548391,0.8125,0.75
CASE-5039,5039,C635739031,0.8125,0.75
CASE-5051,5051,C920327149,0.8125,0.75
CASE-5055,5055,C777044549,0.8049999999999999,0.74
CASE-5067,5067,C599862051,0.8049999999999999,0.74
CASE-5069,5069,C1538555812,0.8125,0.75
CASE-5073,5073,C897190163,0.8125,0.75
CASE-5075,5075,C1674374999,0.8049999999999999,0.74
CASE-5079,5079,C545398254,0.8049999999999999,0.74
CASE-5089,5089,C517758721,0.8125,0.75
CASE-5097,5097,C571696283,0.8125,0.75
CASE-5119,5119,C870245711,0.8049999999999999,0.74
CASE-5133,5133,C1788207069,0.8049999999999999,0.74
CASE-5139,5139,C1107781229,0.8049999999999999,0.74
CASE-5141,5141,C1506089450,0.8125,0.75
CASE-5151,5151,C777622163,0.8049999999999999,0.74
CASE-5153,5153,C915102234,0.8049999999999999,0.74
CASE-5155,5155,C1269763321,0.8125,0.75
CASE-5157,5157,C469537628,0.8049999999999999,0.74
CASE-5171,5171,C1976332867,0.8125,0.75
CASE-5183,5183,C1474789260,0.8049999999999999,0.74
CASE-5185,5185,C1158527799,0.8125,0.75
CASE-5187,5187,C1604466708,0.8049999999999999,0.74
CASE-5191,5191,C1548769886,0.8125,0.75
CASE-5195,5195,C180932654,0.8049999999999999,0.74
CASE-5199,5199,C357942750,0.8049999999999999,0.74
CASE-5201,5201,C2080701542,0.8049999999999999,0.74
CASE-5205,5205,C1107109708,0.8049999999999999,0.74
CASE-5211,5211,C939367162,0.8125,0.75
CASE-5219,5219,C43271707,0.8125,0.75
CASE-5221,5221,C1704841255,0.8049999999999999,0.74
CASE-5225,5225,C1197632627,0.8125,0.75
CASE-5233,5233,C581609779,0.8125,0.75
CASE-5241,5241,C1125545468,0.8049999999999999,0.74
CASE-5249,5249,C1459301109,0.8049999999999999,0.74
CASE-5253,5253,C2061241585,0.8125,0.75
CASE-5259,5259,C2041942844,0.8125,0.75
CASE-5265,5265,C1393439924,0.8125,0.75
CASE-5267,5267,C2075115765,0.8125,0.75
CASE-5277,5277,C957619820,0.8125,0.75
CASE-5297,5297,C687615410,0.8049999999999999,0.74
CASE-5299,5299,C107566089,0.8049999999999999,0.74
CASE-5301,5301,C932045964,0.8049999999999999,0.74
CASE-5325,5325,C2023738276,0.8125,0.75
CASE-5327,5327,C1490771263,0.8125,0.75
CASE-5329,5329,C535695455,0.8049999999999999,0.74
CASE-5333,5333,C1119251343,0.8125,0.75
CASE-5339,5339,C1780532253,0.8125,0.75
CASE-5357,5357,C2136325294,0.8049999999999999,0.74
CASE-5369,5369,C1918912745,0.8049999999999999,0.74
CASE-5373,5373,C1888769481,0.8049999999999999,0.74
CASE-5379,5379,C1713336918,0.8125,0.75
CASE-5381,5381,C149249593,0.8125,0.75
CASE-5393,5393,C1844195426,0.8125,0.75
CASE-5399,5399,C600644430,0.8125,0.75
CASE-5401,5401,C899490900,0.8049999999999999,0.74
CASE-5407,5407,C1899244815,0.8125,0.75
CASE-5409,5409,C1298336422,0.8049999999999999,0.74
CASE-5415,5415,C56372848,0.8049999999999999,0.74
CASE-5419,5419,C1553540945,0.8049999999999999,0.74
CASE-5425,5425,C863742411,0.8049999999999999,0.74
CASE-5433,5433,C46940943,0.8125,0.75
CASE-5439,5439,C1144230283,0.8125,0.75
CASE-5445,5445,C1481892464,0.8049999999999999,0.74
CASE-5449,5449,C996566642,0.8049999999999999,0.74
CASE-5451,5451,C48098605,0.8049999999999999,0.74
CASE-5455,5455,C2071106864,0.8125,0.75
CASE-5457,5457,C923004972,0.8049999999999999,0.74
CASE-5461,5461,C816802649,0.8049999999999999,0.74
CASE-5463,5463,C1898490203,0.8049999999999999,0.74
CASE-5467,5467,C946427395,0.8049999999999999,0.74
CASE-5471,5471,C1911667833,0.8125,0.75
CASE-5473,5473,C937734682,0.8049999999999999,0.74
CASE-5477,5477,C1579869749,0.8049999999999999,0.74
CASE-5485,5485,C973279667,0.8125,0.75
CASE-5489,5489,C964891508,0.8125,0.75
CASE-5495,5495,C1055011986,0.8049999999999999,0.74
CASE-5497,5497,C1311695181,0.8049999999999999,0.74
CASE-5499,5499,C1386844753,0.8049999999999999,0.74
CASE-5515,5515,C1534934111,0.8125,0.75
CASE-5517,5517,C673357794,0.8049999999999999,0.74
CASE-5519,5519,C1046272255,0.8049999999999999,0.74
CASE-5523,5523,C1497936234,0.8125,0.75
CASE-5527,5527,C1455972022,0.8049999999999999,0.74
CASE-5539,5539,C905449086,0.8049999999999999,0.74
CASE-5545,5545,C1050497545,0.8125,0.75
CASE-5563,5563,C22591109,0.8049999999999999,0.74
CASE-5567,5567,C29170093,0.8049999999999999,0.74
CASE-5571,5571,C1985220781,0.8125,0.75
CASE-5573,5573,C149938639,0.8125,0.75
CASE-5581,5581,C1191681942,0.8125,0.75
CASE-5595,5595,C1619207700,0.8049999999999999,0.74
CASE-5597,5597,C1927843897,0.8125,0.75
CASE-5601,5601,C1645429111,0.8049999999999999,0.74
CASE-5615,5615,C1421370456,0.8125,0.75
CASE-5619,5619,C355341825,0.8049999999999999,0.74
CASE-5621,5621,C1960849749,0.8125,0.75
CASE-5623,5623,C1987026797,0.8125,0.75
CASE-5627,5627,C1904352957,0.8125,0.75
CASE-5629,5629,C1355391463,0.8049999999999999,0.74
CASE-5635,5635,C295695808,0.8125,0.75
CASE-5641,5641,C277466735,0.8125,0.75
CASE-5649,5649,C1855522502,0.8125,0.75
CASE-5663,5663,C1019433665,0.8125,0.75
CASE-5665,5665,C96305554,0.8125,0.75
CASE-5673,5673,C1737336360,0.8125,0.75
CASE-5679,5679,C1447355548,0.8125,0.75
CASE-5683,5683,C507368494,0.8049999999999999,0.74
CASE-5689,5689,C1305247312,0.8049999999999999,0.74
CASE-5691,5691,C1466563113,0.8125,0.75
CASE-5705,5705,C1898980323,0.8049999999999999,0.74
CASE-5717,5717,C1709845779,0.8125,0.75
CASE-5719,5719,C1210787759,0.8125,0.75
CASE-5741,5741,C1656607369,0.8125,0.75
CASE-5743,5743,C86350927,0.8125,0.75
CASE-5751,5751,C199518027,0.8049999999999999,0.74
CASE-5763,5763,C923759331,0.8049999999999999,0.74
CASE-5767,5767,C448865084,0.8049999999999999,0.74
CASE-5769,5769,C649961237,0.8125,0.75
CASE-5771,5771,C955101286,0.8125,0.75
CASE-5773,5773,C779464023,0.8049999999999999,0.74
CASE-5775,5775,C1540627735,0.8125,0.75
CASE-5783,5783,C1720256828,0.8125,0.75
CASE-5795,5795,C1333169684,0.8049999999999999,0.74
CASE-5797,5797,C802285127,0.8049999999999999,0.74
CASE-5809,5809,C1672263305,0.8125,0.75
CASE-5815,5815,C220852922,0.8125,0.75
CASE-5825,5825,C538300910,0.8049999999999999,0.74
CASE-5831,5831,C1144476681,0.8049999999999999,0.74
CASE-5835,5835,C1206710867,0.8125,0.75
CASE-5865,5865,C927887851,0.8125,0.75
CASE-5873,5873,C1614163884,0.8049999999999999,0.74
CASE-5877,5877,C1982613524,0.8049999999999999,0.74
CASE-5879,5879,C1420554412,0.8049999999999999,0.74
CASE-5881,5881,C1973530723,0.8049999999999999,0.74
CASE-5891,5891,C83063124,0.8049999999999999,0.74
CASE-5893,5893,C1934752840,0.8125,0.75
CASE-5903,5903,C1354536718,0.8125,0.75
CASE-5913,5913,C1028433606,0.8049999999999999,0.74
CASE-5915,5915,C11425665,0.8125,0.75
CASE-5929,5929,C31495948,0.8049999999999999,0.74
CASE-5947,5947,C774500664,0.8049999999999999,0.74
CASE-5957,5957,C1545516958,0.8125,0.75
CASE-5971,5971,C1855947267,0.8049999999999999,0.74
CASE-5973,5973,C913417990,0.8125,0.75
CASE-5979,5979,C1147685648,0.8049999999999999,0.74
CASE-5985,5985,C374837876,0.8125,0.75
CASE-5989,5989,C1191467360,0.8125,0.75
CASE-5991,5991,C411433616,0.8125,0.75
CASE-5995,5995,C784365883,0.8125,0.75
CASE-6001,6001,C866940482,0.8125,0.75
CASE-6005,6005,C88290164,0.8125,0.75
CASE-6009,6009,C319313160,0.8049999999999999,0.74
CASE-6011,6011,C1707763066,0.8125,0.75
CASE-6017,6017,C1229649217,0.8125,0.75
CASE-6031,6031,C1678762755,0.8049999999999999,0.74
CASE-6039,6039,C666869003,0.8049999999999999,0.74
CASE-6045,6045,C1757307922,0.8049999999999999,0.74
CASE-6051,6051,C625119726,0.8049999999999999,0.74
CASE-6061,6061,C1356014393,0.8049999999999999,0.74
CASE-6069,6069,C695007520,0.8125,0.75
CASE-6079,6079,C615350524,0.8049999999999999,0.74
CASE-6093,6093,C777851401,0.8049999999999999,0.74
CASE-6111,6111,C476581036,0.8125,0.75
CASE-6113,6113,C54370277,0.8049999999999999,0.74
CASE-6119,6119,C1695141990,0.8049999999999999,0.74
CASE-6121,6121,C147671870,0.8125,0.75
CASE-6141,6141,C136906216,0.8125,0.75
CASE-6149,6149,C44010556,0.8125,0.75
CASE-6151,6151,C1364952326,0.8125,0.75
CASE-6159,6159,C441921841,0.8049999999999999,0.74
CASE-6165,6165,C1780110867,0.8125,0.75
CASE-6167,6167,C190430667,0.8049999999999999,0.74
CASE-6185,6185,C833791313,0.8049999999999999,0.74
CASE-6189,6189,C829335128,0.8125,0.75
CASE-6199,6199,C2139567516,0.8125,0.75
CASE-6201,6201,C599162880,0.8125,0.75
CASE-6203,6203,C1187969526,0.8125,0.75
CASE-6205,6205,C364617026,0.8125,0.75
CASE-6215,6215,C1454005383,0.8049999999999999,0.74
CASE-6219,6219,C1835277194,0.8049999999999999,0.74
CASE-6221,6221,C1857126069,0.8125,0.75
CASE-6225,6225,C174689091,0.8125,0.75
CASE-6231,6231,C577087580,0.8125,0.75
CASE-6233,6233,C1236436870,0.8049999999999999,0.74
CASE-6235,6235,C1641639361,0.8125,0.75
CASE-6241,6241,C37709485,0.8049999999999999,0.74
CASE-6243,6243,C432264411,0.8125,0.75
CASE-6253,6253,C208504686,0.8049999999999999,0.74
CASE-6257,6257,C1229686156,0.8125,0.75
CASE-6267,6267,C400595138,0.8049999999999999,0.74
CASE-6271,6271,C1811081989,0.8049999999999999,0.74
CASE-6273,6273,C22695246,0.8125,0.75
CASE-6283,6283,C1706066378,0.8125,0.75
CASE-6291,6291,C639357129,0.8125,0.75
CASE-6301,6301,C414924099,0.8049999999999999,0.74
CASE-6303,6303,C382312588,0.8125,0.75
CASE-6309,6309,C2117251684,0.8049999999999999,0.74
CASE-6315,6315,C1587077521,0.8049999999999999,0.74
CASE-6317,6317,C1824832206,0.8049999999999999,0.74
CASE-6323,6323,C510551701,0.8125,0.75
CASE-6327,6327,C2022356819,0.8049999999999999,0.74
CASE-6331,6331,C2072964053,0.8049999999999999,0.74
CASE-6339,6339,C772620167,0.8049999999999999,0.74
CASE-6351,6351,C872785069,0.8049999999999999,0.74
CASE-6365,6365,C1670593881,0.8049999999999999,0.74
CASE-6377,6377,C639529489,0.8049999999999999,0.74
CASE-6389,6389,C740943100,0.8125,0.75
CASE-6401,6401,C1756348910,0.8125,0.75
CASE-6405,6405,C162812306,0.8125,0.75
CASE-6409,6409,C1055490123,0.8049999999999999,0.74
CASE-6413,6413,C2059792501,0.8049999999999999,0.74
CASE-6423,6423,C542286899,0.8125,0.75
CASE-6435,6435,C2033083147,0.8125,0.75
CASE-6443,6443,C2033700175,0.8125,0.75
CASE-6445,6445,C1874090524,0.8049999999999999,0.74
CASE-6447,6447,C2113990819,0.8049999999999999,0.74
CASE-6449,6449,C641053431,0.8049999999999999,0.74
CASE-6457,6457,C108276530,0.8049999999999999,0.74
CASE-6465,6465,C1696909244,0.8125,0.75
CASE-6469,6469,C2094444528,0.8049999999999999,0.74
CASE-6477,6477,C1448634544,0.8125,0.75
CASE-6481,6481,C1847025661,0.8049999999999999,0.74
CASE-6491,6491,C1168747121,0.8125,0.75
CASE-6495,6495,C1794826326,0.8049999999999999,0.74
CASE-6501,6501,C875659264,0.8049999999999999,0.74
CASE-6509,6509,C403920383,0.8125,0.75
CASE-6519,6519,C1884000068,0.8125,0.75
CASE-6523,6523,C355787543,0.8125,0.75
CASE-6533,6533,C432403364,0.8049999999999999,0.74
CASE-6539,6539,C902859339,0.8049999999999999,0.74
CASE-6541,6541,C1142182296,0.8049999999999999,0.74
CASE-6551,6551,C866814625,0.8049999999999999,0.74
CASE-6563,6563,C445829500,0.8125,0.75
CASE-6579,6579,C865385437,0.8049999999999999,0.74
CASE-6587,6587,C94269091,0.8125,0.75
CASE-6595,6595,C1093183182,0.8125,0.75
CASE-6601,6601,C276670943,0.8125,0.75
CASE-6603,6603,C278936084,0.8049999999999999,0.74
CASE-6607,6607,C551820728,0.8125,0.75
CASE-6611,6611,C114531117,0.8049999999999999,0.74
CASE-6617,6617,C1474454143,0.8049999999999999,0.74
CASE-6623,6623,C1329135302,0.8125,0.75
CASE-6631,6631,C670652368,0.8049999999999999,0.74
CASE-6633,6633,C1279323433,0.8049999999999999,0.74
CASE-6637,6637,C797588864,0.8125,0.75
CASE-6639,6639,C371063342,0.8125,0.75
CASE-6647,6647,C801580496,0.8125,0.75
CASE-6653,6653,C403559722,0.8049999999999999,0.74
CASE-6665,6665,C11988213,0.8125,0.75
CASE-6667,6667,C1343326051,0.8125,0.75
CASE-6669,6669,C1330451334,0.8125,0.75
CASE-6675,6675,C1061552474,0.8049999999999999,0.74
CASE-6677,6677,C2128461532,0.8125,0.75
CASE-6695,6695,C941946048,0.8125,0.75
CASE-6735,6735,C1778688025,0.8049999999999999,0.74
CASE-6741,6741,C1686587981,0.8049999999999999,0.74
CASE-6743,6743,C1259321993,0.8125,0.75
CASE-6751,6751,C1700849439,0.8049999999999999,0.74
CASE-6759,6759,C1387416875,0.8049999999999999,0.74
CASE-6761,6761,C240430551,0.8049999999999999,0.74
CASE-6763,6763,C1429181782,0.8125,0.75
CASE-6773,6773,C1131884196,0.8125,0.75
CASE-6777,6777,C1088953639,0.8049999999999999,0.74
CASE-6781,6781,C359671277,0.8125,0.75
CASE-6793,6793,C1634206825,0.8125,0.75
CASE-6797,6797,C1568587963,0.8125,0.75
CASE-6799,6799,C782995006,0.8049999999999999,0.74
CASE-6813,6813,C45646600,0.8049999999999999,0.74
CASE-6815,6815,C749892305,0.8049999999999999,0.74
CASE-6823,6823,C1643935128,0.8049999999999999,0.74
CASE-6829,6829,C235649723,0.8049999999999999,0.74
CASE-6835,6835,C532100013,0.8125,0.75
CASE-6849,6849,C1508375494,0.8125,0.75
CASE-6853,6853,C1129518026,0.8125,0.75
CASE-6855,6855,C1645503164,0.8049999999999999,0.74
CASE-6857,6857,C541955381,0.8125,0.75
CASE-6859,6859,C817672066,0.8125,0.75
CASE-6861,6861,C1986822150,0.8125,0.75
CASE-6877,6877,C723019595,0.8125,0.75
CASE-6885,6885,C1056784519,0.8125,0.75
CASE-6887,6887,C1189052930,0.8125,0.75
CASE-6889,6889,C286057800,0.8125,0.75
CASE-6893,6893,C2115080301,0.8125,0.75
CASE-6905,6905,C1802530107,0.8049999999999999,0.74
CASE-6907,6907,C991826252,0.8125,0.75
CASE-6917,6917,C484256849,0.8125,0.75
CASE-6925,6925,C2072377567,0.8125,0.75
CASE-6941,6941,C43243271,0.8125,0.75
CASE-6943,6943,C1597001558,0.8049999999999999,0.74
CASE-6953,6953,C1856399120,0.8125,0.75
CASE-6959,6959,C681359586,0.8125,0.75
CASE-6971,6971,C1152970909,0.8125,0.75
CASE-6983,6983,C183711980,0.8125,0.75
CASE-6987,6987,C1020800306,0.8049999999999999,0.74
CASE-6993,6993,C1873557326,0.8049999999999999,0.74
CASE-7003,7003,C357561283,0.8049999999999999,0.74
CASE-7023,7023,C196788126,0.8125,0.75
CASE-7031,7031,C1474481275,0.8125,0.75
CASE-7033,7033,C485713115,0.8049999999999999,0.74
CASE-7037,7037,C918684226,0.8125,0.75
CASE-7057,7057,C1731441733,0.8049999999999999,0.74
CASE-7067,7067,C723906274,0.8049999999999999,0.74
CASE-7069,7069,C764985389,0.8125,0.75
CASE-7075,7075,C18505575,0.8125,0.75
CASE-7087,7087,C1658683875,0.8125,0.75
CASE-7099,7099,C796012531,0.8125,0.75
CASE-7107,7107,C594373709,0.8125,0.75
CASE-7115,7115,C1859428383,0.8049999999999999,0.74
CASE-7127,7127,C192639055,0.8125,0.75
CASE-7145,7145,C142345179,0.8049999999999999,0.74
CASE-7147,7147,C1918619369,0.8125,0.75
CASE-7155,7155,C1889568678,0.8049999999999999,0.74
CASE-7163,7163,C278258075,0.8049999999999999,0.74
CASE-7175,7175,C1190439284,0.8125,0.75
CASE-7185,7185,C1504697378,0.8049999999999999,0.74
CASE-7193,7193,C135132555,0.8125,0.75
CASE-7195,7195,C429282035,0.8125,0.75
CASE-7203,7203,C1683729969,0.8125,0.75
CASE-7211,7211,C534774470,0.8125,0.75
CASE-7225,7225,C296753895,0.8049999999999999,0.74
CASE-7241,7241,C554608123,0.8125,0.75
CASE-7251,7251,C1209540867,0.8125,0.75
CASE-7257,7257,C178173239,0.8125,0.75
CASE-7259,7259,C1249125999,0.8049999999999999,0.74
CASE-7261,7261,C1419011226,0.8125,0.75
CASE-7273,7273,C13225797,0.8049999999999999,0.74
CASE-7275,7275,C552198318,0.8049999999999999,0.74
CASE-7277,7277,C2035870900,0.8049999999999999,0.74
CASE-7283,7283,C1167513964,0.8049999999999999,0.74
CASE-7297,7297,C1895081516,0.8125,0.75
CASE-7303,7303,C341573287,0.8125,0.75
CASE-7305,7305,C151325855,0.8049999999999999,0.74
CASE-7317,7317,C843174735,0.8125,0.75
CASE-7327,7327,C1605555935,0.8125,0.75
CASE-7341,7341,C691812309,0.8125,0.75
CASE-7361,7361,C64015154,0.8125,0.75
CASE-7363,7363,C1382437370,0.8049999999999999,0.74
CASE-7365,7365,C1924819365,0.8125,0.75
CASE-7369,7369,C2045535389,0.8125,0.75
CASE-7375,7375,C574846060,0.8049999999999999,0.74
CASE-7383,7383,C843436467,0.8125,0.75
CASE-7385,7385,C1562259675,0.8049999999999999,0.74
CASE-7405,7405,C426878281,0.8125,0.75
CASE-7429,7429,C1001875185,0.8125,0.75
CASE-7433,7433,C2029976755,0.8125,0.75
CASE-7443,7443,C48717380,0.8125,0.75
CASE-7445,7445,C99498713,0.8049999999999999,0.74
CASE-7451,7451,C60690342,0.8125,0.75
CASE-7453,7453,C1521869137,0.8125,0.75
CASE-7459,7459,C1216463302,0.8125,0.75
CASE-7461,7461,C1890383797,0.8049999999999999,0.74
CASE-7463,7463,C964435402,0.8049999999999999,0.74
CASE-7465,7465,C287247787,0.8049999999999999,0.74
CASE-7475,7475,C1921052827,0.8125,0.75
CASE-7487,7487,C256643277,0.8049999999999999,0.74
CASE-7489,7489,C1039970092,0.8049999999999999,0.74
CASE-7493,7493,C1125239020,0.8125,0.75
CASE-7497,7497,C863787360,0.8125,0.75
CASE-7501,7501,C2106211047,0.8125,0.75
CASE-7509,7509,C2078436803,0.8125,0.75
CASE-7519,7519,C590147812,0.8049999999999999,0.74
CASE-7533,7533,C557894266,0.8125,0.75
CASE-7535,7535,C1070365668,0.8125,0.75
CASE-7537,7537,C1845779361,0.8049999999999999,0.74
CASE-7539,7539,C1652871533,0.8049999999999999,0.74
CASE-7541,7541,C1506243031,0.8049999999999999,0.74
CASE-7547,7547,C1426773355,0.8049999999999999,0.74
CASE-7557,7557,C1108630642,0.8125,0.75
CASE-7563,7563,C1517198206,0.8125,0.75
CASE-7571,7571,C1025625307,0.8125,0.75
CASE-7575,7575,C94303206,0.8125,0.75
CASE-7587,7587,C804681656,0.8125,0.75
CASE-7589,7589,C1370421735,0.8125,0.75
CASE-7607,7607,C933837794,0.8049999999999999,0.74
CASE-7623,7623,C528343888,0.8125,0.75
CASE-7627,7627,C928012348,0.8125,0.75
CASE-7631,7631,C213913405,0.8049999999999999,0.74
CASE-7645,7645,C741504749,0.8125,0.75
CASE-7649,7649,C599212256,0.8125,0.75
CASE-7657,7657,C1466030331,0.8125,0.75
CASE-7663,7663,C1383489618,0.8049999999999999,0.74
CASE-7677,7677,C425919336,0.8049999999999999,0.74
CASE-7683,7683,C2082930314,0.8049999999999999,0.74
CASE-7685,7685,C2110278215,0.8049999999999999,0.74
CASE-7689,7689,C1385022604,0.8125,0.75
CASE-7695,7695,C500011939,0.8125,0.75
CASE-7697,7697,C652805984,0.8125,0.75
CASE-7699,7699,C413853456,0.8125,0.75
CASE-7715,7715,C577803442,0.8125,0.75
CASE-7727,7727,C601921404,0.8125,0.75
CASE-7737,7737,C83368332,0.8125,0.75
CASE-7759,7759,C1720178910,0.8125,0.75
CASE-7763,7763,C1044721452,0.8125,0.75
CASE-7765,7765,C538400340,0.8049999999999999,0.74
CASE-7769,7769,C2135939957,0.8049999999999999,0.74
CASE-7775,7775,C1100723027,0.8049999999999999,0.74
CASE-7781,7781,C546490249,0.8049999999999999,0.74
CASE-7793,7793,C470081604,0.8125,0.75
CASE-7795,7795,C494837899,0.8125,0.75
CASE-7803,7803,C1328487364,0.8049999999999999,0.74
CASE-7805,7805,C944432695,0.8049999999999999,0.74
CASE-7817,7817,C378242927,0.8049999999999999,0.74
CASE-7825,7825,C1908904298,0.8125,0.75
CASE-7829,7829,C1941295125,0.8125,0.75
CASE-7833,7833,C56835824,0.8049999999999999,0.74
CASE-7835,7835,C1844811503,0.8125,0.75
CASE-7849,7849,C1240168728,0.8125,0.75
CASE-7851,7851,C589050166,0.8125,0.75
CASE-7857,7857,C1143281085,0.8049999999999999,0.74
CASE-7871,7871,C1776089845,0.8125,0.75
CASE-7877,7877,C1903139702,0.8049999999999999,0.74
CASE-7881,7881,C860413679,0.8049999999999999,0.74
CASE-7883,7883,C1681613660,0.8125,0.75
CASE-7893,7893,C796312778,0.8125,0.75
CASE-7895,7895,C637096336,0.8125,0.75
CASE-7905,7905,C411007033,0.8049999999999999,0.74
CASE-7909,7909,C1040320190,0.8125,0.75
CASE-7923,7923,C1254000350,0.8125,0.75
CASE-7925,7925,C445994670,0.8049999999999999,0.74
CASE-7945,7945,C2062360147,0.8049999999999999,0.74
CASE-7953,7953,C27765734,0.8125,0.75
CASE-7955,7955,C981935704,0.8049999999999999,0.74
CASE-7957,7957,C838658203,0.8125,0.75
CASE-7961,7961,C546364616,0.8125,0.75
CASE-7979,7979,C1083455984,0.8049999999999999,0.74
CASE-7987,7987,C407411386,0.8125,0.75
CASE-8001,8001,C1260477552,0.8049999999999999,0.74
CASE-8003,8003,C2022499393,0.8125,0.75
CASE-8011,8011,C1366321878,0.8125,0.75
CASE-8025,8025,C1838430036,0.8125,0.75
CASE-8029,8029,C987072193,0.8125,0.75
CASE-8031,8031,C871824170,0.8049999999999999,0.74
CASE-8035,8035,C231322789,0.8049999999999999,0.74
CASE-8037,8037,C1901678626,0.8049999999999999,0.74
CASE-8043,8043,C507292245,0.8125,0.75
CASE-8057,8057,C1884883180,0.8125,0.75
CASE-8087,8087,C644458914,0.8049999999999999,0.74
CASE-8093,8093,C1119842359,0.8049999999999999,0.74
CASE-8101,8101,C1987403065,0.8049999999999999,0.74
CASE-8103,8103,C303008218,0.8125,0.75
CASE-8123,8123,C1460351581,0.8049999999999999,0.74
CASE-8131,8131,C1027836426,0.8125,0.75
CASE-8137,8137,C871130115,0.8125,0.75
CASE-8141,8141,C2044735759,0.8049999999999999,0.74
CASE-8155,8155,C365237849,0.8125,0.75
CASE-8165,8165,C1681615431,0.8049999999999999,0.74
CASE-8167,8167,C507031767,0.8049999999999999,0.74
CASE-8191,8191,C1044665079,0.8125,0.75
CASE-8195,8195,C2089752665,0.8049999999999999,0.74
CASE-8205,8205,C1531301470,0.8049999999999999,0.74
CASE-8209,8209,C1529008245,0.8125,0.75
